Customer_ID,Customer_Name,Location,Industry,Credit_Limit
C00001,Kyle Simpson,Port Thomas,Corporate,47192
C00002,Randy Hughes,North Robert,Corporate,21062
C00003,Steven Cooper,Lake Brandonton,Individual,104076
C00004,Brian Tucker,Jillland,Retail,109780
C00005,Travis Harris,East Christinaside,Individual,172617
C00006,Jennifer Daugherty,Kathleenville,Corporate,41689
C00007,Stephanie Ayers,Gloverchester,Corporate,31174
C00008,Michael Donaldson,Joshuaville,Retail,108461
C00009,Pamela Lee,New Stacystad,E-commerce,146174
C00010,Sabrina Jackson,East Karenfurt,E-commerce,123033
C00011,Paul Wagner,Spenceland,Corporate,29348
C00012,Jenna Suarez,Nicoleburgh,Corporate,174786
C00013,Eddie Baker,Georgemouth,Individual,58102
C00014,Helen Walters,Port Alejandrafurt,Individual,94460
C00015,Robert Leon,Sandraview,Individual,122634
C00016,Mary Glenn,South Angelaton,Wholesale,109930
C00017,Nicholas Ford,Hicksview,Corporate,26801
C00018,David Garcia,Holtside,Wholesale,123150
C00019,James Williams,Abbottstad,E-commerce,199208
C00020,Erin Gardner,Port William,Corporate,174697
C00021,Patrick Warren,Whitebury,Corporate,195333
C00022,Mark Gilbert,Lake Nicholasborough,Retail,21542
C00023,Melanie Williams,North Normanburgh,Corporate,41677
C00024,Darlene Garrett,Lake Nicole,E-commerce,197804
C00025,Michael Carpenter,Port Michaelmouth,Corporate,59081
C00026,Juan Schultz,Nataliefort,Wholesale,113105
C00027,Alyssa Griffin,Johnsonshire,Corporate,39065
C00028,Andrea Hudson,South Nathan,Wholesale,108092
C00029,Jennifer Gibson,Leonardchester,Individual,74693
C00030,Adrian Dixon,Carlosport,Individual,46962
C00031,Kelsey Gutierrez,Williamston,Retail,48295
C00032,Steve Sandoval,Lake Sandy,Corporate,33807
C00033,Patricia Horne,Dwayneview,Individual,193420
C00034,Kristine Shelton,New Adamville,Individual,177504
C00035,Christine Cohen,Robinbury,Retail,191334
C00036,Johnny Smith,Port Jasmine,Retail,188152
C00037,Troy Robinson,Lake Vanessafurt,Corporate,152396
C00038,Dustin Williams,Gallegoston,Wholesale,111267
C00039,Alexa Johnson,Lake Samanthamouth,Corporate,186981
C00040,Jacqueline Miller,Lake Heidi,Wholesale,39870
C00041,Cindy Castillo,Vaughanborough,Retail,185650
C00042,Tracy Rodriguez,North Susan,E-commerce,46790
C00043,Johnathan Myers,Port Aaron,Corporate,138874
C00044,Jack Ortega,East Matthew,E-commerce,45289
C00045,Joshua Torres,New Elizabethfurt,Wholesale,35485
C00046,Kathleen Arias,East Allison,Corporate,64482
C00047,Diane Hall,New Erik,E-commerce,106188
C00048,Ryan Torres DDS,Valdezstad,E-commerce,24748
C00049,Laura Ortiz,New Ronaldland,Corporate,160507
C00050,Elizabeth Meyer,Vazquezfort,E-commerce,23709
C00051,Diane Baxter,Ronaldmouth,Corporate,143961
C00052,Daniel Larson,Ellistown,E-commerce,50355
C00053,William Hernandez,New Brianbury,Retail,164188
C00054,Laura Walker,North Michaelland,Corporate,176542
C00055,David Clark,Erikton,Retail,193416
C00056,Julie Blair,Madisonborough,Individual,62918
C00057,Kimberly Leon,Christopherborough,Retail,72224
C00058,William Cox,South Christopher,E-commerce,59298
C00059,Jeffrey Delgado,Donnaton,Wholesale,100219
C00060,Jennifer Zuniga,Arnoldmouth,Retail,81629
C00061,Valerie Montgomery,New Jennifer,Retail,86040
C00062,Jennifer Hunt,Davidtown,Retail,48016
C00063,Matthew Dunn,Lambville,Wholesale,43960
C00064,James Carrillo,North Johnmouth,Wholesale,53591
C00065,Vanessa Ritter,Port Maryport,Retail,123333
C00066,James Shah,South Alexview,Individual,134821
C00067,Emily Cuevas,West Christianton,Wholesale,56395
C00068,Joseph Thompson,Bowmanview,Wholesale,149695
C00069,Maria Lewis,Dudleyland,Wholesale,173772
C00070,Lisa Lynch,New Jessicatown,Corporate,54620
C00071,Katie Schultz,New Brianhaven,Retail,148148
C00072,Kaylee Moran,Ianfort,Individual,40559
C00073,Katrina Miller,New Justin,Wholesale,113396
C00074,Dana Moore,Angelashire,Corporate,41732
C00075,David Monroe,Millerfurt,E-commerce,111362
C00076,Lisa Knight,West Davidview,E-commerce,181426
C00077,Lauren Garcia,Lake Gloriabury,Wholesale,33843
C00078,Marie Hughes,Woodwardbury,Individual,134065
C00079,Derek Taylor,Jeffersonborough,Individual,91726
C00080,Jeremy Schmidt,Hornport,Retail,37640
C00081,Seth Yoder,Lowerybury,Wholesale,72528
C00082,David Wilson,Michellebury,E-commerce,58413
C00083,Michelle Chen,West Robert,Retail,72638
C00084,Crystal Fleming,Kevinborough,Individual,130133
C00085,Leah Hall,North Loriton,Retail,126357
C00086,Kim Ryan,Johnsonland,E-commerce,170159
C00087,James Beard,North Jenniferfurt,Individual,192502
C00088,Charles Allen,East Diana,Corporate,175576
C00089,Michelle Weaver,Jonesshire,Corporate,158186
C00090,Erica Clark,Lake Ashleyland,Wholesale,98859
C00091,Robin Stewart DDS,Jenniferborough,Retail,119657
C00092,Marvin Nolan,Harrisburgh,Individual,162047
C00093,Bobby Garcia,Glassmouth,Wholesale,31023
C00094,Paul Jones,Johnburgh,Retail,41447
C00095,Joel Abbott,South Paul,E-commerce,145899
C00096,Dawn Keller,South Amy,Individual,43959
C00097,Ana Jensen,Riverastad,Retail,86203
C00098,James Wu,Wendyland,Individual,139156
C00099,Tyler Brewer,South Christopher,Retail,180775
C00100,Catherine Lynn,South Cassidyborough,E-commerce,29337
C00101,Ernest Brown,North Sarahmouth,Individual,66427
C00102,Nicholas White,Lake Robert,Corporate,81529
C00103,Brooke Taylor,New David,E-commerce,122023
C00104,Jean Matthews,Simmonsmouth,Retail,104665
C00105,Julia Lopez,West Karen,Individual,125787
C00106,Terri Garner,Davidtown,E-commerce,182993
C00107,Alicia Thomas,Brooksside,Retail,53307
C00108,Jeffrey Whitaker,Vanessachester,Corporate,178427
C00109,Dennis Cantrell,Port Kylemouth,Corporate,147016
C00110,Danielle Perez,Christinachester,Retail,24835
C00111,Shannon Anthony,New Kimberlyburgh,Corporate,40159
C00112,Dana Carter,South Robertfurt,E-commerce,198677
C00113,Rodney Jacobson,West Heidi,Corporate,141790
C00114,Harry Kelley,Lauraton,Wholesale,125616
C00115,Joseph Ortiz,South Alison,Corporate,189160
C00116,Travis Smith,Grantberg,Wholesale,98752
C00117,Erik Steele,Robersonville,Individual,75284
C00118,Kimberly Rodriguez,Charleschester,E-commerce,77043
C00119,Jeremy Ramos,Robinsonland,Individual,186619
C00120,Mark Rosario,New Briannaton,Individual,117007
C00121,Brian Leonard,Harttown,Corporate,102844
C00122,Edwin Kramer,Tuckershire,Corporate,47532
C00123,Jennifer Daniels,New Davidview,Corporate,185421
C00124,Terry Jackson,East Deborah,Individual,142402
C00125,Gerald Costa,Cantrellland,E-commerce,138012
C00126,Michael Frey,Jaredchester,E-commerce,196517
C00127,Monica Morris,North Waynehaven,Wholesale,156785
C00128,Sabrina Johnson,Tracyburgh,Retail,76178
C00129,Carlos Ward,South James,E-commerce,69407
C00130,Juan Lawrence,West Williamtown,Corporate,70990
C00131,Bridget Ferguson,Greenhaven,Wholesale,149473
C00132,Deanna Smith,Suzanneton,Corporate,78141
C00133,Gerald Bell,New Danielside,Individual,174865
C00134,John Conley,New Williamshire,Individual,76570
C00135,Ann Owens,Stewarttown,Corporate,188964
C00136,Brenda Webster,Pooleberg,E-commerce,21015
C00137,Gwendolyn Chase,South Jennifer,Retail,81813
C00138,Stephanie Meadows,North Deborahfurt,Corporate,47712
C00139,Jacob Richard,Lake Sara,E-commerce,120497
C00140,Michael Young,East Jameshaven,Wholesale,159487
C00141,Mark Oconnor,Meghanborough,Corporate,132816
C00142,Brandy Dunn,East Joseph,Wholesale,148778
C00143,Michelle Reynolds,West Jim,E-commerce,82292
C00144,Rodney Pena,West Nathanfurt,E-commerce,43833
C00145,Kerry Gallegos,Samanthaton,E-commerce,155230
C00146,Karen Wilson,Brittanychester,E-commerce,40309
C00147,Ashlee Lopez PhD,Austinfort,Individual,26970
C00148,Donald Reyes,Raystad,E-commerce,92474
C00149,Mark Franklin,West Saraborough,Individual,66540
C00150,Nicole Kelly,Ortizview,Retail,171456
C00151,Tonya Smith,Charlesview,Individual,38017
C00152,Bailey Martinez,East Melissa,Wholesale,95880
C00153,Debra Carr,North Andreafurt,Retail,125570
C00154,Grant Werner,Brucestad,Wholesale,28702
C00155,Mr. Larry Miles,Belltown,Corporate,151456
C00156,Debra Romero,Reyeshaven,Corporate,20404
C00157,Brett Leon,Port Debra,Individual,192015
C00158,Amber Holt,New Amy,Wholesale,198998
C00159,Angela Phillips,East Sandra,Corporate,180261
C00160,Richard Reilly,South Heidi,Corporate,32763
C00161,Charles Franklin,Andersonmouth,Corporate,169456
C00162,Kristin Strickland,Port Evanfurt,Retail,118142
C00163,Stephanie Nelson,Port Jenniferhaven,Retail,160932
C00164,Christine Camacho,South Carolville,E-commerce,100642
C00165,Julia Farmer,Melissaland,Wholesale,70612
C00166,Carolyn Henson MD,Walkerside,Corporate,43574
C00167,Margaret Espinoza,Brownhaven,Wholesale,43524
C00168,Angel Anderson,West Michelle,E-commerce,30916
C00169,Kimberly Booth,Williamshaven,Individual,24809
C00170,Mark Jackson,Lake Courtney,E-commerce,183273
C00171,Angela Carney MD,South Denise,Corporate,164528
C00172,Lindsey Evans,Jacobview,Individual,141288
C00173,Terri Hanson,Dianabury,Individual,58765
C00174,Amy Wright,East Michaelton,E-commerce,185888
C00175,Kevin Morales,Brownberg,Corporate,65106
C00176,Taylor Harris,East Steve,Individual,73932
C00177,Dawn Lawson,West Elizabethmouth,E-commerce,168172
C00178,Taylor Bruce,New Cynthia,E-commerce,77091
C00179,Kathleen Meza,Estradahaven,Corporate,41949
C00180,Bianca Hatfield,Port Kristophermouth,E-commerce,57744
C00181,Austin Flores,Singletonville,E-commerce,196615
C00182,Amy Miller DDS,New Thomasport,E-commerce,128319
C00183,Christina Hunt,South Rachel,Wholesale,112193
C00184,Virginia Lee,South Andreabury,Retail,56187
C00185,Molly Ballard,Henryton,Wholesale,158311
C00186,Andrew Smith,South Larryfort,E-commerce,144454
C00187,Michael Hernandez,Victoriatown,Retail,34489
C00188,Meredith Smith,Johntown,Individual,81877
C00189,Madeline Martinez,South Craighaven,Wholesale,194197
C00190,Matthew Smith,West Brittanyview,Wholesale,69922
C00191,Marisa Allen,East Sherriville,Wholesale,114074
C00192,Hunter Ramsey,East Meghanshire,Corporate,183121
C00193,Luis Gutierrez,Lake Evelynshire,E-commerce,57131
C00194,Phillip Meadows,Simmonstown,Individual,194016
C00195,Toni Carroll,Timothyhaven,Individual,135765
C00196,Melinda Guzman,New Bryan,Individual,93963
C00197,Sarah Villanueva,Wilsonburgh,E-commerce,126884
C00198,Scott Brady,Peterfurt,Retail,145917
C00199,Brent Johnson,Katieberg,Wholesale,44285
C00200,Mrs. Joann Wells MD,Johnsonville,E-commerce,57626
C00201,Catherine Caldwell,Taylorberg,Wholesale,193880
C00202,Jennifer Friedman,Cameronton,E-commerce,39198
C00203,Meagan Whitehead,East Joseph,Wholesale,170830
C00204,Jennifer Stone,Andersonfort,E-commerce,35254
C00205,Michael Guerrero,New Kimberlyhaven,Retail,64238
C00206,Maria Hughes,Jacksonmouth,Individual,21252
C00207,Daniel Curry,Watsonmouth,Wholesale,59764
C00208,David Smith,Sanderston,E-commerce,97709
C00209,Jessica Carey,West Carrie,Retail,188513
C00210,Michael Cardenas MD,North Moniquemouth,Retail,73682
C00211,Alexandria Shaw,Bushberg,Individual,79494
C00212,Mark Acosta,Lake Christopherburgh,E-commerce,101317
C00213,Paul Randall,South Tracy,Wholesale,85215
C00214,Vanessa Martinez,East Stephenborough,Corporate,98587
C00215,Monica Moss,East Kathleen,Retail,26949
C00216,Jeffery Wall,Dariusmouth,Retail,75393
C00217,Jessica Howard,Lake Ericside,Individual,158013
C00218,Brian Larson,Greenbury,E-commerce,45934
C00219,Victoria Fisher,Mitchellburgh,Corporate,174458
C00220,Jo Stewart,West Monicabury,Corporate,95745
C00221,Patricia Dunn,Port Mitchellview,Corporate,114456
C00222,Kenneth Owens,East Elizabethchester,E-commerce,73413
C00223,Shane Richardson,Lindseyland,Wholesale,117239
C00224,Lisa Hicks,West Jesse,Retail,62318
C00225,Erik Hines,Jenkinsfurt,E-commerce,90390
C00226,Michael Bennett,Lake Sandra,Corporate,63088
C00227,Shannon Mays,East Jamesbury,Retail,123196
C00228,Aaron Powell,East Jenniferview,Retail,190883
C00229,Timothy Callahan,Lake Christianside,Corporate,75479
C00230,Katie White,East Kennethmouth,Corporate,39963
C00231,April Marks,Jennifershire,Retail,75123
C00232,Heidi Reyes,Darrenfurt,Individual,145911
C00233,Danielle Hale,Port Benjaminchester,Retail,122468
C00234,Logan Nielsen,New Jesse,Wholesale,93477
C00235,Carrie Arnold,South Cole,Wholesale,34388
C00236,Amanda Young,North Alex,Individual,25569
C00237,Paul Armstrong,New Stevenside,E-commerce,89836
C00238,Ann Smith,West Matthew,Retail,124573
C00239,Brett Baker,Chapmanview,Wholesale,187658
C00240,Mr. Lawrence Hahn,Batesmouth,Retail,163087
C00241,Brianna Taylor,Rogerchester,Individual,65002
C00242,Kevin Duffy,South Cynthiafurt,Corporate,157326
C00243,Jacob Hensley,West Chad,Individual,168216
C00244,Marissa Tucker,West Michael,Individual,175286
C00245,Mariah Lopez,Clarkchester,Individual,157162
C00246,Renee Goodwin,New Anthonyview,Wholesale,162709
C00247,Stephanie Romero,East Brianbury,Individual,173487
C00248,Amanda Foster,South Janeborough,Corporate,44071
C00249,Carla Cox,Zacharyberg,Corporate,78243
C00250,Cory Paul,East Tracy,Corporate,145827
C00251,Aaron Bray,Tylerland,E-commerce,128215
C00252,Laurie Dunlap,Dunnchester,Individual,192312
C00253,Michael Donovan,South Bianca,Corporate,121570
C00254,Jason Dougherty,Saramouth,E-commerce,184506
C00255,Aaron Kramer,Mikeport,Individual,89724
C00256,Anita Williams,Shepherdchester,Individual,135359
C00257,Fernando Allison,Estradatown,Retail,95697
C00258,Kendra Tran,Amymouth,Individual,48732
C00259,Joseph Simmons,Vaughnburgh,Retail,141465
C00260,Deborah Johnson,Smithtown,Wholesale,162386
C00261,Kevin Adams,West Andrew,Wholesale,175026
C00262,Sherri Bennett,Edwardview,E-commerce,77108
C00263,Meredith Richards,Karlamouth,Retail,131195
C00264,Eddie Rivers,West Dawn,Wholesale,123081
C00265,Erica Miller,Port Michele,Wholesale,56668
C00266,Crystal Dudley,Michaelview,Wholesale,43061
C00267,Heather Waller,East Samuelchester,Individual,99252
C00268,Natalie Gonzales,New Lisaport,Retail,59749
C00269,Matthew Martinez,Ellisonview,Wholesale,150560
C00270,Amber Scott,West Melissa,Retail,124680
C00271,Jamie Mcdonald,Jacksonburgh,Corporate,167979
C00272,Danielle Schmidt,New Brookebury,Corporate,169849
C00273,Monica Price,North Julie,Individual,71745
C00274,Sara Fitzgerald,New Caitlintown,Corporate,128464
C00275,Carlos Johnson,East Rebeccachester,E-commerce,111865
C00276,Eric Miller,Jasonfort,Retail,132428
C00277,Maria Howell,Richardshire,Wholesale,43624
C00278,Isaac Brown,North Alyssa,E-commerce,43321
C00279,Cassandra Murray,Amandaborough,E-commerce,161560
C00280,Kathleen Bennett,North Jeffrey,Corporate,42574
C00281,Tina Rose MD,Marquezshire,Retail,156312
C00282,Jose Jackson,Rachaelmouth,Wholesale,194293
C00283,Dana Johnston,Ruizport,E-commerce,161550
C00284,Tiffany Garrett,Woodview,Individual,170334
C00285,James Holden,Leeport,Wholesale,138831
C00286,Brent Gonzalez,Gregoryborough,Corporate,155504
C00287,Lawrence Preston,Tannerside,Retail,115257
C00288,Thomas Smith MD,Calvintown,Individual,84291
C00289,Eric Baird,North Garymouth,Wholesale,147600
C00290,Joy Lewis,New Michaelville,Wholesale,70428
C00291,Herbert Fernandez,Cruzmouth,E-commerce,151374
C00292,Mr. Daniel Anderson MD,Sonyafort,Wholesale,151127
C00293,Dustin Allen,Theresaton,Retail,131317
C00294,Juan Jacobson,Duncanshire,Retail,159789
C00295,Victoria Anderson,Coxmouth,Wholesale,147449
C00296,James Cohen,Port Traci,E-commerce,48699
C00297,Rebecca Graves,Michaelbury,Individual,93686
C00298,Johnny Gonzales,Johnsonfort,Individual,87661
C00299,Crystal Ryan,Kathyton,E-commerce,64247
C00300,Timothy Collins,Michelletown,Corporate,167820
C00301,Marco Rodriguez,West Jesseside,Retail,125113
C00302,Scott Villarreal,West Gregoryberg,Corporate,24621
C00303,Sean Madden,Lake Josephborough,E-commerce,166106
C00304,Joy Wright,Allenmouth,Corporate,156198
C00305,Cheryl Foster,Erinchester,E-commerce,156194
C00306,Ryan Weaver,Port Bianca,Individual,38030
C00307,Barry Mcdonald,West Heatherstad,Individual,102838
C00308,Angelica Harmon,South Peggystad,Corporate,104717
C00309,Renee Jones,Millerton,Corporate,58638
C00310,Kristina Murphy,Johnathanland,Retail,87067
C00311,Nicholas Frank,New Thomashaven,Individual,138033
C00312,Tiffany Welch,Nataliebury,Retail,125977
C00313,Laura Schroeder,Donaldview,Corporate,108869
C00314,Heather Wu,New Rachelchester,E-commerce,125186
C00315,Michael Franklin,Loganshire,Individual,54674
C00316,Adam Hardy,South Anthonyberg,E-commerce,186926
C00317,Susan Reed,Huffberg,Retail,66271
C00318,Julie Garcia,Lake Daniel,Retail,93688
C00319,Kimberly Gilbert,North Paul,Wholesale,189590
C00320,Emily Duarte,Greenbury,Individual,131076
C00321,Kyle Moore,Danielbury,Individual,161339
C00322,Johnny Miller,West Kimberlyberg,Retail,21062
C00323,Spencer Jacobs,Mitchellmouth,E-commerce,70448
C00324,William Gray,North Ashley,Individual,115462
C00325,Jason Espinoza,Smithville,Retail,157301
C00326,Michael Gibson,Marktown,Wholesale,67915
C00327,Tyler Rich,East Rickyshire,Corporate,24632
C00328,Garrett Sims,Courtneyton,Individual,124592
C00329,Jason Martinez,Lake Peter,Corporate,154668
C00330,Thomas Lopez,South Michelle,E-commerce,129779
C00331,David Thompson,Harrisborough,Wholesale,157240
C00332,Stephanie Cochran,Lake Rachelborough,Individual,128099
C00333,Wayne Barrett,Jensenfurt,Corporate,27561
C00334,Amber Robinson,Fergusonville,Corporate,102152
C00335,Mrs. Pamela Cervantes,Hollyside,Retail,145036
C00336,Kathryn Woodard,Mcdanielstad,Corporate,144049
C00337,Rebecca Martinez,Josetown,E-commerce,46734
C00338,Russell Johnson,Ronaldton,Corporate,157443
C00339,Kenneth Martin,Port Nathan,E-commerce,46069
C00340,David Adams,Leonardstad,E-commerce,32910
C00341,Stephanie Vaughan,Mcclainfurt,Retail,93479
C00342,Derek Jackson,Mitchellmouth,Wholesale,101264
C00343,Tanya Neal,Lake James,E-commerce,43275
C00344,Jessica Ortega,Barajasview,Corporate,92274
C00345,Scott Johnson,Lynnville,Corporate,120776
C00346,Lisa Stark,Carlosshire,E-commerce,68447
C00347,Janet Adams,Port Christopherton,Corporate,185601
C00348,Rebecca Bradley,Port Adamton,Individual,146394
C00349,Cassandra Byrd,Cooleyhaven,Retail,95703
C00350,Karen Martinez,Adamsport,Corporate,96090
C00351,Ian Brown,South Sarahfort,Retail,37260
C00352,Victoria Schultz,Matthewview,E-commerce,132581
C00353,David Anderson,Stephensonside,E-commerce,23812
C00354,Melissa Todd,Kylemouth,E-commerce,179096
C00355,Brianna Barnett,Wrightside,Retail,136148
C00356,Sarah Carroll,Port John,Corporate,178357
C00357,Kevin Galvan,Woodsshire,Individual,136421
C00358,Lindsey Adkins,Riddleshire,Retail,21605
C00359,Darin Alvarez,Clintonton,Individual,92303
C00360,Dale Jackson,Savageland,Corporate,178211
C00361,April Welch,South Dorothybury,Corporate,96125
C00362,Ernest Powell,Port Ray,Retail,164990
C00363,Corey Wright,Lake Kimberlybury,Wholesale,178518
C00364,Joseph Armstrong,Juarezmouth,Individual,144040
C00365,Juan Baxter,Lake Rebeccaside,E-commerce,164118
C00366,Marcia Delgado,Cookmouth,Individual,175890
C00367,Michael Flores,East Kristina,Corporate,24324
C00368,Lisa Clark,Ashleyview,Corporate,96323
C00369,Samantha Hayes,Jaimeburgh,Retail,29111
C00370,Mike Schaefer,New Latashaville,Wholesale,189182
C00371,Victoria Goodman,Aprilfort,E-commerce,36389
C00372,Christina Woodard,Hectorhaven,Individual,142177
C00373,Joel Brady,Dickersonshire,Wholesale,61427
C00374,Paula Griffin,West Jocelynborough,E-commerce,179818
C00375,Emily Johnson,Salazarshire,Corporate,142883
C00376,Emily Woods,Port Kevinchester,Corporate,151189
C00377,James Parker,Colleenchester,Retail,145808
C00378,Travis Holmes,West Davidborough,Retail,132221
C00379,Alison Lewis,Williamsland,Individual,33234
C00380,Tyler Rojas,Garystad,Wholesale,73441
C00381,Crystal Wilson,Hessmouth,Wholesale,20846
C00382,Thomas Benjamin,Port Michaelmouth,E-commerce,30954
C00383,Eric Graham,Traviston,Individual,99239
C00384,Anthony Lin,Garciahaven,Retail,66514
C00385,Mark Cannon,Jasminefort,Individual,108236
C00386,Tyler May,North Jennifer,Corporate,117579
C00387,Colleen Grant,Hallland,Retail,157541
C00388,Alexander Schultz,South Bobbyburgh,Wholesale,181177
C00389,Brady Black,New Michael,Retail,62101
C00390,Mindy Mcdonald,Dominguezshire,Corporate,84323
C00391,Cynthia Gross,Port Eduardotown,Retail,111922
C00392,Daniel Scott,East Cody,Wholesale,196659
C00393,Sarah Gregory,East Maryshire,Corporate,188048
C00394,Monica Chen,Dawnstad,E-commerce,147534
C00395,Cody Olson,North Victoriashire,Individual,87584
C00396,Jennifer Myers,West Chadfurt,E-commerce,124537
C00397,Leah Wood,West Emily,Corporate,98477
C00398,Alexis Howard,Friedmanchester,Corporate,62533
C00399,Jason Stevens,Chantown,Corporate,21828
C00400,Nathaniel Jennings,Millerberg,Wholesale,21917
C00401,Brandon Nichols,Kingville,Corporate,40618
C00402,Dennis King,South Amyberg,Individual,52254
C00403,Justin Strong,Nicholsberg,Wholesale,125292
C00404,Charles Rollins,West Jamesburgh,Corporate,67362
C00405,Charlene Smith,North Sarahland,Wholesale,40128
C00406,Jessica Smith,Lopezmouth,Individual,143781
C00407,Linda Lewis,New Timothyside,Individual,85545
C00408,Jessica Ramirez,Tranhaven,Wholesale,102180
C00409,Mark Ellis,Ericfort,Retail,107958
C00410,Carolyn Crane,Michaelhaven,E-commerce,160937
C00411,Kenneth Gordon,Barryland,Corporate,153291
C00412,Tiffany Jacobs,Johnsonstad,E-commerce,59809
C00413,Tonya Smith,Port Jacobberg,Individual,136748
C00414,Misty Joseph,New Kristinborough,E-commerce,25287
C00415,Krystal Murphy,Taylorland,Retail,185459
C00416,Jasmin Sullivan,Gravesville,E-commerce,28512
C00417,Gerald Frank,Kimmouth,E-commerce,152414
C00418,Amanda Mitchell,Jamieberg,Individual,128872
C00419,John Ibarra,West Matthewview,Individual,170288
C00420,Kathleen Graham,New Isabellachester,Corporate,113070
C00421,Raymond Collins,Hernandezborough,Wholesale,99767
C00422,Alexander Rice,Lake Cassandra,Corporate,117829
C00423,Alisha Barton,Alvinhaven,Individual,177686
C00424,Taylor Brown,Watsonville,Corporate,187330
C00425,Sarah Fuller,Mirandaville,E-commerce,62078
C00426,Jennifer Green,East Jerry,E-commerce,126288
C00427,Jonathan Burgess,Port Jennifer,Individual,103524
C00428,Dustin Patton,Tranland,Individual,32219
C00429,Jessica Martinez,Kellyfurt,Corporate,20235
C00430,Brian Beck,New Allison,Corporate,62929
C00431,Steven Gordon MD,Andersonborough,E-commerce,147309
C00432,Sean Sharp,North Amandaside,Wholesale,87444
C00433,Erica Lee,Andrewland,Wholesale,159639
C00434,Sandra Hardy,Pamelaborough,Individual,121834
C00435,Mrs. Tonya Hall,Hernandezville,Corporate,104555
C00436,Christopher Brown,Dennismouth,Wholesale,93698
C00437,Michelle Hall,Lake Jason,Corporate,144450
C00438,Sonya Vasquez,New Joseph,Retail,156487
C00439,Caitlin Wilson,Stanleyville,E-commerce,187231
C00440,Jacob Leon,West Jeffery,Corporate,63925
C00441,Amy Salinas,Rhondafort,Corporate,157023
C00442,Nicholas Wagner,New Shelly,Corporate,107388
C00443,Laura Carter,Cummingsmouth,Wholesale,28007
C00444,Julie Simmons,Peckmouth,Corporate,192904
C00445,Ricky Rivera,South William,Retail,78596
C00446,Douglas Smith,Jasmineland,Wholesale,141101
C00447,Allen Carter,New Joe,Individual,181595
C00448,James Clark,Campbellberg,Individual,108861
C00449,William Ray,South Alexis,E-commerce,106740
C00450,Dylan Rich,Joannburgh,Retail,35524
C00451,Jessica Long,North Lawrence,Corporate,170354
C00452,Michael Wong,Port Carlaton,Retail,175002
C00453,Melanie West,Chavezshire,Individual,151149
C00454,Jeanette Proctor,Miafurt,Corporate,145501
C00455,Chase Jennings,East Jeffreyton,Retail,40611
C00456,Christopher Carter,New Robertfurt,Wholesale,168056
C00457,Ryan Mcknight,Kevinport,Corporate,34060
C00458,James Flores,Veronicastad,Wholesale,63303
C00459,Amanda Collins,North Patriciaside,Retail,180359
C00460,Jennifer Davis,Youngmouth,Corporate,59711
C00461,Elizabeth Dorsey,Richardton,E-commerce,163026
C00462,Jennifer Rodriguez,South Diana,E-commerce,93340
C00463,Marisa Ward,Shannonburgh,Individual,122974
C00464,Kylie Adams,New Carlyport,Corporate,169646
C00465,Michael Johnson,Lisafurt,Retail,160256
C00466,Christopher James,West Jenniferburgh,E-commerce,170168
C00467,Emily Peters,North Shannonchester,Individual,87728
C00468,Paul Walton,Nicholasland,Corporate,185088
C00469,Jason Smith,New Karen,E-commerce,31246
C00470,Jose Kaiser,Scottshire,Corporate,196630
C00471,Angela Turner,Lake Hollytown,Individual,169453
C00472,Chelsea Anderson,Alexandertown,Retail,147796
C00473,Emily Carter,Patrickchester,Individual,187527
C00474,George Martinez,East Jeffreyview,Retail,112263
C00475,Brian Navarro,South Aliciaport,Wholesale,155090
C00476,Alexander Miller,West Evelyn,E-commerce,31302
C00477,Martin Watkins,South Krystal,Wholesale,87506
C00478,Lisa Jackson,Saraborough,Retail,61157
C00479,Brittney Gonzalez,Paulview,Corporate,74917
C00480,Michelle Peterson PhD,Michaelland,Retail,116646
C00481,Jordan Young,West Caitlin,Retail,103122
C00482,Brittany Brown,Mercedesshire,Corporate,44519
C00483,Tom Watson,Davidton,Wholesale,100910
C00484,Jessica Page,New Luisfurt,E-commerce,140430
C00485,Grant Santiago,Lake Charlesburgh,Retail,91324
C00486,Mark Rivas,New Rhondaport,Retail,25408
C00487,William Reese,East Daniel,E-commerce,79379
C00488,Samuel Stephens,Rickyhaven,Retail,45053
C00489,Emily Benson,Brendaburgh,E-commerce,160518
C00490,Deborah Anderson,Camposborough,E-commerce,151994
C00491,Dawn Salinas,Amyhaven,E-commerce,118723
C00492,Mr. Todd Hobbs,Lake Moniquestad,Corporate,71356
C00493,Adriana Roberts,South Madison,Wholesale,30789
C00494,Kelsey Hernandez,Lake Cathy,Wholesale,117720
C00495,James Herman,West Monicachester,Individual,86656
C00496,Steven Vasquez,Amberborough,Corporate,64028
C00497,Melinda Gonzalez,Webbfort,Individual,84484
C00498,Lisa Stewart,New Melaniebury,Wholesale,52154
C00499,Shawn Bailey,Kelseyland,Wholesale,22336
C00500,Colton Martin,West Davidborough,Wholesale,123677
C00501,Greg Benson,Lake Jeffreyberg,Retail,87779
C00502,John Marshall,Joshuamouth,Individual,39029
C00503,Dawn Moore,Deannabury,Corporate,79201
C00504,Jean Davis,Port Julie,Individual,52265
C00505,Charles Smith,Port Elizabeth,Wholesale,122916
C00506,Michelle Greene,Port Joannastad,Corporate,194944
C00507,Jeremy Kirk,Salinasmouth,Individual,66197
C00508,Anna Shaw,Castilloburgh,Wholesale,145733
C00509,David Pope,East Daniel,Wholesale,174782
C00510,Steven Jones,Lake Aaron,Corporate,180558
C00511,Kenneth Rivera,Christopherland,E-commerce,91907
C00512,Ian Gomez,Lucasmouth,Corporate,148876
C00513,Jake Deleon,Rickyfort,E-commerce,84435
C00514,Lori Kramer,South Sandra,Retail,60631
C00515,Taylor Eaton,South Scottfort,Corporate,149038
C00516,Richard Brown,North Rebeccaview,E-commerce,40103
C00517,Anthony Cherry,Nunezhaven,Individual,84772
C00518,Brendan Smith,New James,Wholesale,146108
C00519,Miguel Kaufman,South Michael,Retail,34382
C00520,Carl Simpson,Whiteborough,Corporate,104291
C00521,George Petersen,New Laurenborough,E-commerce,121195
C00522,Danielle Booth,West Brett,Individual,154828
C00523,Matthew Callahan,Johnsonberg,E-commerce,40609
C00524,Jerry Rice,Santosborough,Corporate,167550
C00525,Paul Rodriguez,Doughertyland,E-commerce,190738
C00526,Erin Webb,Underwoodland,Corporate,95683
C00527,Dustin Miller MD,Tylerhaven,E-commerce,144714
C00528,Brittany Walker,Allenton,Wholesale,150330
C00529,James Gallagher,Dawnfurt,Corporate,91315
C00530,Oscar Bentley,Robertport,Corporate,97834
C00531,Jesse Burgess,Davidmouth,Retail,146205
C00532,Scott Simmons,Joshuamouth,Wholesale,34153
C00533,Tonya Martinez,Kristineview,Corporate,96325
C00534,Alexander Rowe,Robertsside,Individual,164071
C00535,Sierra Horn,Hamiltonmouth,E-commerce,75318
C00536,Alexander Howard,Lake Adamberg,Individual,151886
C00537,Jacob Garcia,West Melissa,E-commerce,135033
C00538,Stacey Johnson,Ramireztown,E-commerce,96077
C00539,Tracy Davis,Rodriguezstad,Retail,110474
C00540,Whitney Barber,Lake Janet,Corporate,153515
C00541,Michael Ford,West Faith,E-commerce,93319
C00542,Jessica Mcdaniel,North Caitlynberg,Retail,145885
C00543,Eric Washington,Simmonsbury,Individual,129777
C00544,Mark Bray,South Arielhaven,Retail,37368
C00545,Raymond Wood,Greenton,Individual,166400
C00546,Jasmine Parks,Port Erin,Corporate,111751
C00547,Mackenzie Jenkins,South Albertside,E-commerce,47306
C00548,Steven Williams,Hortontown,Wholesale,190987
C00549,Kevin Vasquez,Josephmouth,Individual,57219
C00550,Jeffrey Randall,Walkerstad,E-commerce,80279
C00551,Terry Glenn,South Elizabeth,Wholesale,73028
C00552,Eric Lester,New Jacquelineborough,Wholesale,124263
C00553,Ronnie Sparks,Blackshire,Individual,20126
C00554,Mr. Nicholas Gonzalez,East Nicholasborough,E-commerce,72329
C00555,Sarah Key,Davidmouth,Wholesale,47632
C00556,Theresa Shelton,East Rebecca,Retail,129945
C00557,Emily Williams,Tylerhaven,Retail,75176
C00558,Jason Fisher,Mooreview,E-commerce,195399
C00559,Kelly Nunez,Hannahhaven,Corporate,154869
C00560,Tracy Jackson,Piercetown,Retail,198954
C00561,Sheila Duncan,West Katherineberg,Individual,164790
C00562,Kimberly Finley,Masonfurt,E-commerce,54560
C00563,Brenda Clark,Gregorystad,Wholesale,96589
C00564,Nichole Miller,Lake Davidland,Retail,42116
C00565,Ashlee Robinson,Lake Melissaburgh,E-commerce,187316
C00566,Sarah Phillips,Warrenport,E-commerce,152717
C00567,Brittney Copeland,South Maryburgh,Corporate,198595
C00568,Kimberly Burns,Tammyhaven,Wholesale,144085
C00569,Holly Whitney,Barbaramouth,Wholesale,137718
C00570,Megan Mcintyre,Kimberlyville,Wholesale,39256
C00571,Travis Watson,East Carl,Individual,120158
C00572,Evelyn Armstrong,West Jason,E-commerce,188502
C00573,Beverly Chan,Port Annaview,Individual,190354
C00574,Michael Nelson,Fisherfort,Individual,139719
C00575,Paul Wilson,Port Carolyn,E-commerce,88244
C00576,Erin Baker,Duncantown,Wholesale,162766
C00577,Jacqueline Bowman,Masseyhaven,E-commerce,76264
C00578,Daniel Wolf,Lindabury,Corporate,77545
C00579,Amanda Conley,Williamsbury,E-commerce,59224
C00580,Christine Foster,South Robert,E-commerce,117945
C00581,Michelle Flores,Shepherdmouth,Retail,33224
C00582,Paul Anderson,Russellview,Corporate,60738
C00583,Joshua Washington,Charlesland,Retail,176222
C00584,Robert Harris,Stephanieport,Wholesale,83731
C00585,Diane Russell,Angelafurt,Wholesale,159649
C00586,Michelle Jensen,East Kimberly,Corporate,28070
C00587,Theresa Green,East Anthonyville,Individual,146161
C00588,Billy Gardner,Wrightchester,E-commerce,28666
C00589,Jennifer Mendoza,Walterton,Retail,77761
C00590,Randy Myers,Antonioburgh,Corporate,56368
C00591,Jamie Strong,West Jeffrey,Retail,157855
C00592,Vickie Fox,East Tamarashire,E-commerce,61914
C00593,Elizabeth Olson,New Nicholasland,Individual,147738
C00594,Michael Wilkinson,Lake Bridget,Retail,87526
C00595,Hannah Ramos,Perezstad,Corporate,196837
C00596,Tyler Taylor,Port Crystalchester,E-commerce,39956
C00597,Alexis Woods,Marvintown,E-commerce,66240
C00598,Taylor Davis,Moraleschester,Individual,141008
C00599,Robert Guzman,West Richard,Corporate,188220
C00600,Shannon Hampton,Port Christychester,E-commerce,114270
C00601,Robert Harrington DDS,West Brooke,Retail,24757
C00602,Jennifer Patel,New Johnathanport,Wholesale,39097
C00603,Patricia Sparks,Tylerton,Corporate,161467
C00604,Janet Powell DVM,Port Sheilafort,Retail,167313
C00605,Stephanie Brown,New Marvin,Individual,123892
C00606,Dylan Harding,North Gregory,Individual,178768
C00607,Tom Montgomery,West Brandyborough,E-commerce,90480
C00608,Loretta Williams,East Rebecca,Individual,66163
C00609,David Fowler,New Michael,Wholesale,39816
C00610,Daniel Cross,Wilsonburgh,Retail,72853
C00611,Dennis Stephenson,Lake Jeffery,Corporate,175989
C00612,Mr. Todd Miller,Cooleyport,E-commerce,116731
C00613,Valerie Hammond,Wintersland,Corporate,172638
C00614,Jason Galvan,North Vanessaton,Retail,82823
C00615,Deborah Nelson,Mcdonaldton,Wholesale,171878
C00616,Luke Garcia,New Alanside,Retail,21759
C00617,Erica Howard,Wendyhaven,Retail,193021
C00618,Sarah Jackson,Rushhaven,E-commerce,112374
C00619,Wesley Carlson,Lisaland,Corporate,153554
C00620,Sophia Weaver,Brownbury,Retail,44442
C00621,Lisa Brown,Washingtonhaven,Retail,184791
C00622,Stephanie Hale,South Jennifer,Wholesale,113501
C00623,Thomas Hamilton,Catherineburgh,Individual,22079
C00624,Dr. Aaron Nelson,South Richard,Wholesale,153789
C00625,Faith Gomez,Stevenmouth,Corporate,79676
C00626,John Kim,Barrettchester,Corporate,179024
C00627,Antonio Blankenship,North Ashley,E-commerce,193532
C00628,Bryan Pham,Kimberlyville,Individual,110397
C00629,Jennifer Wells,Lake Kenneth,Corporate,92847
C00630,Madeline Green,New Nicole,Individual,113607
C00631,Jessica Bailey,Nicolemouth,Wholesale,169521
C00632,Mary Wilkinson,Mccormickport,Corporate,184608
C00633,James Brown,Lake Michelle,Retail,84077
C00634,Bryan Norton,Rasmussenmouth,Corporate,58258
C00635,Benjamin Gutierrez,South Patrick,Individual,199374
C00636,Susan Moore,Wilsonbury,Corporate,179937
C00637,Leslie Oliver,New Kristenchester,E-commerce,157717
C00638,Jeffrey Roberts,Brianaside,Retail,139771
C00639,Joshua Barnett,Campbellport,E-commerce,58000
C00640,Patricia Gray,Port Frankstad,Wholesale,46737
C00641,Andrew Leonard,Barryborough,Corporate,31485
C00642,James Krueger,West Aaronton,Corporate,58565
C00643,Virginia Reed,West Alan,Wholesale,176594
C00644,Terry Mcclure,Lake Lesliefurt,E-commerce,139614
C00645,Mark Tate,Jesseville,Retail,85155
C00646,Victoria Williams,New Christineview,E-commerce,72487
C00647,Joshua Sosa,Rodriguezburgh,Individual,149948
C00648,Christopher Bray,Richmondfurt,E-commerce,32342
C00649,Kimberly Rodriguez,South Jonathan,Retail,60806
C00650,Victor Edwards,Lake Sarahmouth,Corporate,68770
C00651,Richard Thomas,Port Austin,E-commerce,98623
C00652,Dr. Bradley Hart,Anitabury,Wholesale,123177
C00653,Mandy Rogers,Port Melissa,Retail,151026
C00654,Kyle Wilson,Rangelview,Corporate,95629
C00655,Edwin Harris,South Kiarachester,Retail,140993
C00656,William Jones,West Erin,Wholesale,146944
C00657,Sarah Molina,Mirandaport,Individual,125947
C00658,Larry Flores,North Johnberg,Retail,46399
C00659,Thomas Smith,North Omarborough,Retail,148177
C00660,Thomas Spencer,West Lee,E-commerce,129575
C00661,Curtis Reid,West Scottshire,Wholesale,130904
C00662,Jamie Rosales,Hensleyfort,Wholesale,50678
C00663,Elizabeth Robinson,Huntburgh,Individual,96218
C00664,Robert Orr,South Paulmouth,Wholesale,83230
C00665,Theresa King,Jacksonton,Retail,94055
C00666,Mrs. Kimberly Bryant,Lake Gary,Individual,182552
C00667,Sarah English,West Priscillaview,Wholesale,92258
C00668,Lori Taylor,South Amy,Individual,59986
C00669,Tiffany Fisher,East Matthew,Wholesale,175232
C00670,Jason Castillo,Sharpfort,Wholesale,105595
C00671,Julie Stevens,Rebeccatown,E-commerce,121358
C00672,Kristen Armstrong,North Johnfurt,Wholesale,84929
C00673,David Jordan,South Katrina,Individual,93506
C00674,Leah Wilson,Harriston,Retail,54911
C00675,Krista Guzman,Port Christopherport,E-commerce,107127
C00676,Maria Adams,New Ruben,Wholesale,182893
C00677,Courtney Charles,Avilaview,Wholesale,133453
C00678,Luis Taylor,Bakermouth,Individual,104458
C00679,Katherine Ellis,Port Jonathan,E-commerce,32175
C00680,Jeffrey Preston,Anthonyland,Wholesale,139235
C00681,Travis Johnson,South Nicholas,Retail,74771
C00682,Katherine Perez,North Kathleenmouth,Retail,147157
C00683,Antonio Washington,New Rogermouth,Wholesale,141300
C00684,Angelica Harvey,East Gloriabury,Retail,106925
C00685,Ivan Morse,South Amber,E-commerce,86358
C00686,Nathan Johnson,North Henry,Wholesale,168399
C00687,Lori Gilbert,Angelaland,Individual,67057
C00688,Robert Anderson,Anthonyside,E-commerce,26150
C00689,Melissa Young,Kellyshire,Retail,24425
C00690,Nicole Hoffman,West Karlaville,Wholesale,36032
C00691,Daniel Diaz,South Amber,E-commerce,22198
C00692,Glenn Williams,Joseland,Retail,171151
C00693,Sean Elliott,Blevinsmouth,Wholesale,187292
C00694,Aaron Graves,Maryside,Corporate,192946
C00695,Dennis Young,Halltown,Individual,164931
C00696,Joseph Adkins,West Katherine,Retail,182491
C00697,Rachel Thompson,Seanborough,Retail,138865
C00698,Jose Chapman,Nicoleside,Corporate,159777
C00699,Lisa Johnson,Morrisonside,Corporate,193952
C00700,Christina Munoz,Chelseatown,E-commerce,43236
C00701,Brenda Weiss,Mindyberg,Individual,107955
C00702,James Lopez,South John,Individual,123145
C00703,Hannah Atkinson,Georgemouth,Retail,166430
C00704,Jessica Shannon,Washingtonborough,Corporate,114914
C00705,Christine Davis,East Kellyborough,Individual,122870
C00706,Paul Dudley,Lake Caseymouth,Wholesale,136243
C00707,Maria Schmitt,West Lauren,Individual,34596
C00708,Michelle Smith,Davidchester,Retail,184644
C00709,Donald Brewer,Lake Christinaborough,Individual,152351
C00710,Eric Smith,Bentonshire,E-commerce,131496
C00711,Olivia Mcdaniel,South Amy,Corporate,150273
C00712,Amy Tanner,East Maryton,Retail,158155
C00713,Kevin Rush,Danashire,Retail,140674
C00714,Jeff Graves,Madisonberg,Corporate,140307
C00715,Jack Kennedy,Hernandeztown,Corporate,168843
C00716,James Rodriguez,South Christine,Corporate,181047
C00717,Justin Lopez,West Drewborough,Retail,196720
C00718,Daniel Smith,New Patricia,Corporate,199357
C00719,John Brown,Rodriguezside,Corporate,39063
C00720,Amanda Vasquez,Robertmouth,Retail,87642
C00721,Nicholas Thomas,Michelleville,Retail,110093
C00722,Alexander Shepherd,Port Antonioton,E-commerce,188671
C00723,Beth Castillo,Lake Kimberlyberg,Individual,179601
C00724,Paul Warren,West Pamelaberg,Wholesale,55954
C00725,Yvonne Aguilar,Blackbury,Retail,47856
C00726,Leslie Martinez,West Michael,Wholesale,22573
C00727,Andrea Long,Durhamfort,E-commerce,55367
C00728,Stacy Fletcher,North Megan,Individual,119608
C00729,Kristen Garcia,East Richard,Individual,80774
C00730,Richard Yang,East Lindseyborough,Individual,43752
C00731,Brittney Underwood,East Courtney,E-commerce,75029
C00732,Heidi Nicholson,Lake Jeffreymouth,Corporate,168757
C00733,Jennifer Elliott,West Emilyland,Individual,150282
C00734,David Austin,Averyfort,Individual,71693
C00735,Jeffrey Atkins,Saraton,E-commerce,136739
C00736,Justin Bennett,East Janetberg,Corporate,75961
C00737,John Crawford,Lake David,Individual,146678
C00738,Dominique Johnson,West Gabriel,Individual,94532
C00739,Tony Williams,Alexanderburgh,Corporate,101994
C00740,James James,Port Corey,Retail,76133
C00741,Christopher Campbell DDS,Michaelside,Retail,81268
C00742,Natalie Riley,Lake Mikaylaberg,Individual,189315
C00743,David Montoya,Campbellmouth,Wholesale,51653
C00744,Fernando Williams,New Scottstad,Corporate,177729
C00745,Jessica Carter,East Michael,Corporate,191024
C00746,Jared Richards,Port Erinfort,Wholesale,173252
C00747,Chad Torres,Debraland,Corporate,141829
C00748,Breanna Rodriguez,Elizabethfort,E-commerce,148377
C00749,Rebecca Oneill,Port Cliffordton,Corporate,21622
C00750,Debbie Moody,Matthewsbury,Corporate,68756
C00751,Dawn Moore,Spencerbury,Corporate,60809
C00752,Justin Khan,Williamsborough,Retail,36725
C00753,Ryan Werner,South Amberfurt,E-commerce,71226
C00754,John Adams,Gonzalezbury,Corporate,101182
C00755,Peter Estrada,North Michael,E-commerce,49402
C00756,Frank Smith,Codybury,E-commerce,24263
C00757,Lisa Kim,Ellenland,E-commerce,197900
C00758,Brittany Baker,Odomfurt,Wholesale,67924
C00759,Christina Gates,Coxside,Corporate,94182
C00760,Christopher Sullivan,Cruzfurt,Retail,162736
C00761,Jennifer Adkins,Brownfurt,Retail,55737
C00762,Michelle Berry,Andrewburgh,Retail,121332
C00763,Sandra Castaneda,South Cindy,Retail,109563
C00764,Karen Clark,Tranland,Corporate,180445
C00765,Andrew Castaneda,East John,Retail,187469
C00766,David Butler,New Rita,E-commerce,148575
C00767,Kathy Christian,Samanthashire,Wholesale,121371
C00768,David Thompson,East Catherineville,Individual,58709
C00769,Michael Butler,Morganfort,Retail,170322
C00770,Sarah Wilson,South Jared,Individual,41172
C00771,Heather Fritz,Gomezbury,Individual,31555
C00772,Paul Glass,Kaylaport,Individual,73276
C00773,Eric Buckley DVM,New Reginald,E-commerce,77492
C00774,Danielle Guerra,Phillipsfurt,Retail,109599
C00775,Teresa Bond,South Angelfort,Corporate,175834
C00776,Donna Hunter,Lake Derekmouth,E-commerce,31046
C00777,Hannah Jones DDS,Port Amanda,Corporate,136021
C00778,George Morrison,East Robertville,Retail,179841
C00779,Robert Scott,New Lisa,E-commerce,174222
C00780,Jose Todd,West Calvinport,Individual,24853
C00781,Kenneth Dixon,Amberborough,E-commerce,140900
C00782,Jessica Blankenship,Floreshaven,E-commerce,172864
C00783,Sydney Coleman,Amberport,Retail,79129
C00784,William Floyd,Port James,Individual,134130
C00785,Adam Montes,Toddshire,Individual,183059
C00786,Daniel Foley,Angelmouth,Wholesale,166922
C00787,Kaitlyn Martinez,Bauerborough,Wholesale,163184
C00788,Lindsey Cross,Galvanchester,Corporate,141789
C00789,Karen George,Davilamouth,Wholesale,175130
C00790,Robert Bennett,South Tiffanyport,Retail,196492
C00791,Alison Miller,Lake Ryan,E-commerce,58890
C00792,David Joseph,Currystad,Individual,86017
C00793,Susan Guerrero,Parkshaven,E-commerce,198376
C00794,Lauren Vazquez,Lake Jennifer,Retail,183993
C00795,Erica Macias,East Zachary,E-commerce,152596
C00796,John Copeland,West Elaine,Individual,120424
C00797,Suzanne Garcia,Longfort,Wholesale,35048
C00798,Shawn Burton,West Brenda,Corporate,186183
C00799,Oscar Wise,East Nathan,Individual,188976
C00800,Ronnie Lopez DVM,Milesstad,Individual,74912
C00801,Johnny Jenkins,Allenville,Individual,54008
C00802,Chelsea Chavez,West Bridgetland,Individual,151132
C00803,Nicholas Bell,Lake Lisa,Retail,103559
C00804,Matthew Ray,Loganport,Individual,75337
C00805,Peter Coleman,Erinton,E-commerce,130616
C00806,Pamela Cardenas,West Rebeccaborough,Retail,33350
C00807,Cynthia Rivera,Gomezshire,Wholesale,44354
C00808,Rachel Payne,Anthonyfurt,E-commerce,65186
C00809,Natalie Smith,Brianton,E-commerce,48145
C00810,Tracy Boyd,West Zachary,E-commerce,185092
C00811,Keith Gallagher,West Angela,E-commerce,106123
C00812,Christine Navarro,New Andrewmouth,Retail,40581
C00813,Molly Jones,South Amy,Wholesale,108929
C00814,Shane Brown,Heatherbury,Wholesale,43051
C00815,Ronald Hurst,Ryanburgh,Individual,71474
C00816,William Frye,Brownbury,Corporate,111748
C00817,Emily Davis,Christopherbury,Retail,145995
C00818,Robert Campbell,Jamesborough,Wholesale,89626
C00819,Jacqueline Stevenson,East Steven,Retail,26960
C00820,Kevin Sanchez,North Corey,Retail,186844
C00821,Mr. Joseph Mercado,Stevenbury,Individual,172592
C00822,Rodney Le,Robertbury,Wholesale,56408
C00823,Sheila Lamb,South Alejandrahaven,Corporate,114006
C00824,Elizabeth Brooks,Port Cesar,Corporate,77134
C00825,John Keller,West Yvonnefurt,Corporate,171563
C00826,Dr. Nicholas Morales,Marshchester,E-commerce,152413
C00827,Kelly Allen,Atkinsonbury,Wholesale,195695
C00828,Stephanie Stone,Jasonfurt,E-commerce,110327
C00829,Katherine Hansen,Lake Ryantown,E-commerce,151410
C00830,Joseph Cooley,Kevintown,E-commerce,163326
C00831,Dawn Mitchell,East Mike,Individual,31344
C00832,Kristin Anderson,Sullivanport,Individual,152822
C00833,Kristie Morris,East Lisaport,Retail,87957
C00834,Daniel Valdez,New Karen,Retail,125423
C00835,Alexander Tate,Port Jacob,Wholesale,78053
C00836,Andrew Rangel,West Sharon,Wholesale,166968
C00837,Tyler Flores,East Brittany,Individual,97454
C00838,Jeffrey Monroe,East Christine,Retail,110600
C00839,Lisa Owen,Thompsonfurt,Retail,142732
C00840,Gary Mccann,Navarromouth,E-commerce,179007
C00841,Joshua White,Davidchester,Corporate,57641
C00842,Anthony Brown,Roblesfurt,Corporate,49711
C00843,Kenneth Perry,West Andreafurt,Corporate,90342
C00844,Sergio Freeman,New Aaronbury,Individual,126896
C00845,Joe Torres,Dorseyton,Corporate,163254
C00846,Richard Brennan,Rodriguezfort,Corporate,107833
C00847,James Garcia,Howardport,E-commerce,76276
C00848,Sydney Ramsey,East Darrell,Wholesale,39541
C00849,Frances Jordan,Davisland,Individual,114457
C00850,Melanie Martin,Amyfurt,Retail,64813
C00851,Kimberly Moore,West Megan,E-commerce,188270
C00852,Jeffrey Cox,South Nicole,Corporate,159892
C00853,Michelle Larsen,Jenniferbury,Retail,44070
C00854,Benjamin Guerrero,Lake Jason,E-commerce,162194
C00855,Howard Mercer,Saundersview,Individual,100559
C00856,Duane Turner,Toddton,Corporate,61786
C00857,Matthew Weber,Port Alanview,Individual,157809
C00858,David Fox,East Kyle,E-commerce,56062
C00859,Sarah Payne,Lake Carolynbury,Retail,71571
C00860,Jesse Wright,Whitneyton,Wholesale,45510
C00861,Michelle Brown,West Jessicaberg,Corporate,39426
C00862,Sharon Ford,Gomezview,Individual,57265
C00863,Tammy White,Reidburgh,Retail,168922
C00864,Raymond Fisher,Lake Elizabethville,Retail,86150
C00865,Samuel Taylor,Jenniferhaven,Wholesale,107312
C00866,Eric Barnes,West Ronaldville,E-commerce,109613
C00867,Austin Kelley,Port Patriciaport,Wholesale,94910
C00868,Bryan Garcia,Bullockmouth,Wholesale,72375
C00869,Aaron Yang,Justinview,E-commerce,141826
C00870,Jenna Moore,South Bethany,E-commerce,55435
C00871,Vincent Cole,New Christopherland,E-commerce,116443
C00872,Hunter Jordan,West Danielshire,Retail,154055
C00873,Stephen Smith,New Lisaton,Retail,171734
C00874,Jacob Wright,East Gabrielfort,Corporate,43510
C00875,Gail Scott,South John,Corporate,192070
C00876,Michelle Sanchez,South James,Wholesale,114071
C00877,James Cummings,Robinsonfort,Wholesale,26640
C00878,Crystal Smith,Boydland,Corporate,64547
C00879,Sarah Moreno,Thomasside,Individual,74620
C00880,Terri Davis,South Alfred,Wholesale,166389
C00881,Cindy Bailey,New Cory,Individual,135608
C00882,Victoria Norton,Georgeport,Individual,27564
C00883,Nicole Lopez,Barajasfort,E-commerce,178417
C00884,Alan Franklin,Port Linda,Retail,133824
C00885,Eric Sanchez,Biancashire,Corporate,99273
C00886,Kristen Sutton,Clarkhaven,Retail,94859
C00887,Alan Dorsey,West Shannonborough,Corporate,130017
C00888,Joshua Short,New Anthonystad,Retail,143618
C00889,Robert Kelly,Tinaburgh,Corporate,145341
C00890,Nathaniel Farmer,East Amanda,Retail,49430
C00891,Taylor Perry,North Larrystad,E-commerce,47788
C00892,Samuel Sullivan,Branchtown,Individual,199615
C00893,Mary Mack,South Desireehaven,Corporate,164991
C00894,Michael Ward,West Veronicatown,Individual,89346
C00895,Shirley Campbell,West Joshuachester,Corporate,116122
C00896,Shannon Prince,New Samantha,Corporate,59974
C00897,Kevin Pittman,Vasquezstad,E-commerce,127309
C00898,Kimberly Nguyen,New Kennethmouth,Retail,36371
C00899,William Thomas Jr.,Port Barbara,Corporate,65084
C00900,Brandon Galloway,New Lisa,Retail,180701
C00901,Paula Blackwell,Howardton,E-commerce,81916
C00902,Patrick Mcneil,Lake Elizabeth,Wholesale,93972
C00903,Tanner Garcia,North Ambertown,Individual,32984
C00904,Jon Spence,Jeffreyview,Corporate,53039
C00905,Monica Bryan,West Sarah,E-commerce,105431
C00906,Timothy Bass,New Shawnaview,Retail,103691
C00907,Heather Wyatt,Lake Heatherhaven,Corporate,78606
C00908,Michael Wilkerson,Weaverchester,Retail,161688
C00909,Michele Steele,Lake Monicaburgh,Wholesale,122665
C00910,Christopher Sparks,South Jennifer,Corporate,125373
C00911,Maria Norton,Lake Leahmouth,Individual,44574
C00912,Trevor Brown,Laurieburgh,Corporate,154502
C00913,Dennis Rodriguez,Port Michael,Individual,163748
C00914,Justin Solis,Jonfort,Retail,161888
C00915,Zachary Lopez,Grantmouth,Corporate,52733
C00916,Tyler Ramirez,Webbbury,E-commerce,22050
C00917,Michelle Benson,Josephchester,E-commerce,129996
C00918,Joshua Harris,North Christyhaven,Wholesale,53933
C00919,Andrew Blair,Callahanland,E-commerce,44951
C00920,Rebekah Wang,West Rita,Wholesale,52413
C00921,Aaron Garcia,North Christinaberg,Retail,185873
C00922,Samuel Sosa,Angelaside,Individual,183985
C00923,Matthew Brooks,Sarahfort,Retail,132573
C00924,Bruce Johnson,South Steven,Individual,191672
C00925,Stephanie Myers,Howardton,Individual,186472
C00926,Anthony Barber,Pamelafort,Wholesale,155566
C00927,William Miller,Lake Christophermouth,E-commerce,142744
C00928,Mr. Robert Powell,Wilsontown,E-commerce,109431
C00929,Jesus Nunez,Duffychester,Wholesale,63001
C00930,Julia Rodriguez,Beverlyview,Wholesale,87364
C00931,Chad Knight,South Patricia,Retail,144988
C00932,Denise Nelson,Yvonneberg,Wholesale,65028
C00933,Alexander Kaufman,Burnettfort,E-commerce,188645
C00934,Brian Murphy,Ryanland,Wholesale,151878
C00935,Katie Holmes DDS,Tapiamouth,Wholesale,144343
C00936,Andrew Perry,South Colin,Individual,148301
C00937,Stephanie Fisher,East Latashafurt,Wholesale,146295
C00938,Sandra Lewis,East Karentown,Retail,180829
C00939,Carrie Johnson,Barbaraside,Wholesale,54636
C00940,Valerie Pearson,Terrifort,Corporate,199352
C00941,Abigail Craig,West Kellybury,Corporate,44262
C00942,Catherine Parker,Mcguireland,Individual,100435
C00943,Tyler Baker,East Alan,Individual,148583
C00944,Kimberly White,Melissaview,Corporate,189269
C00945,Michael Hatfield,Alecport,Individual,61844
C00946,Ricardo Campbell,Thorntonstad,Individual,84754
C00947,Amanda Willis,Cherylburgh,E-commerce,185229
C00948,Michael Stewart,New Abigailchester,E-commerce,97129
C00949,Amy Lindsey,South Joshuaview,Wholesale,60042
C00950,Monica May,Travisland,Corporate,81665
C00951,Marie Johnson,Henrychester,Retail,136953
C00952,Christina Sullivan,Melissafurt,Corporate,178448
C00953,Larry Lee,Amyland,Corporate,165271
C00954,Mr. Richard Ross Jr.,Reidmouth,E-commerce,138533
C00955,Brandy Lee,Glassside,E-commerce,93781
C00956,Marissa Kaufman,North Rodney,Individual,86262
C00957,Zachary Castro,Cartershire,Retail,66600
C00958,Heather Williams,New Bridget,E-commerce,96898
C00959,Tina Diaz,Jessicaburgh,Individual,169369
C00960,Megan Baker,Johnsonport,Retail,50448
C00961,Patrick Moses,New Samanthaside,E-commerce,46172
C00962,Benjamin Wright,Taylorland,Corporate,193946
C00963,Amanda Hoffman,Staceyfort,Corporate,27657
C00964,John Morales,Christophertown,Retail,176497
C00965,Cody Jones,Douglaston,Retail,177757
C00966,John Walker,Martinmouth,E-commerce,132855
C00967,Raymond Miller,Suttonchester,E-commerce,175650
C00968,Crystal Maxwell,Port Robin,Retail,179903
C00969,Katelyn Grimes,Vasquezberg,Retail,27906
C00970,Kathryn Ramos,Larsonview,Individual,81413
C00971,Terry Taylor,East Ginafort,Individual,74028
C00972,Gina Munoz,Loriview,Individual,27287
C00973,Nancy Jones,Loriside,Corporate,53660
C00974,Elizabeth Hunter,Waterstown,Corporate,80504
C00975,Lisa Jefferson,Travisshire,Individual,122979
C00976,Timothy Poole,Vaughanbury,Individual,54701
C00977,Jason Rowe,New Carlosmouth,Retail,103300
C00978,Kevin Lee,West Adrian,Corporate,168746
C00979,Brandon Diaz,Lawrenceview,Individual,103560
C00980,Carlos Doyle,Brianville,Wholesale,174946
C00981,Alexandria Chavez,Jamesstad,E-commerce,63642
C00982,Erika Parker,Christinaland,Individual,85160
C00983,Jeremy Miller,West Stevenfurt,Corporate,37602
C00984,Desiree Morrison,Lake Heidi,Individual,123320
C00985,Christina Hoffman,Waltersview,Wholesale,108801
C00986,Lorraine Trujillo,Paceshire,Retail,45931
C00987,Margaret Fowler,Lynchberg,Corporate,114377
C00988,Brian Myers,Bankston,Retail,49192
C00989,Renee Martin,Lake Michelle,E-commerce,66542
C00990,Robert Smith,Port Jasmine,Retail,147015
C00991,Tyrone Payne,West Melanietown,Individual,62520
C00992,Benjamin Jones,West Joshua,Wholesale,84772
C00993,Michael Sparks,Hopkinsmouth,Retail,70106
C00994,Julie Mills,Port Williambury,Wholesale,101121
C00995,Eric Stewart,West Gary,Corporate,45559
C00996,Clayton Odonnell,Perezborough,Corporate,125595
C00997,Daniel Mueller,Masseyville,Individual,53742
C00998,Gregory Hicks,Reyeschester,Individual,89669
C00999,Wanda Pollard,Kellyberg,Individual,172826
C01000,Robert Miller,West Tina,Wholesale,155044
